{"mean square error": 0.010123781833446383, "mean absolute error": 0.07372953317501107, "binomial loss": 19.455253824588134}